vessel_flag,eez_code,depart_port,offset,support,confidence,rule_level
FJ,FJ,,12.0,15698,0.9589756656898968,eez
FJ,FJ,SUVA,12.0,15668,0.9591524125606331,port
PF,PF,PAPEETE,-10.0,5300,0.99,port
PF,PF,,-10.0,5300,0.99,eez
TW,TO,,-11.0,4948,0.9761519805982215,eez
TW,TO,NUKU'ALOFA,-11.0,4895,0.9758937691521962,port
CN,VU,,11.0,2753,0.6734471485652016,eez
FJ,TO,,-11.0,2482,0.9931506849315068,eez
CN,VU,PORT VILA,11.0,2440,0.6934426229508197,port
FJ,TO,NUKU'ALOFA,-11.0,2148,0.994413407821229,port
MH,MH,,12.0,2036,0.9400785854616895,eez
MH,MH,MAJURO,12.0,2028,0.9398422090729783,port
NC,NC,,11.0,1179,0.9525021204410518,eez
NC,NC,NOUMEA,11.0,983,0.953204476093591,port
SB,SB,,11.0,836,0.6674641148325359,eez
CN,CK,,-10.0,809,0.5352286773794809,eez
SB,SB,HONIARA,11.0,598,0.6237458193979933,port
TW,SB,,11.0,571,0.6409807355516638,eez
TO,TO,NUKU'ALOFA,-11.0,554,0.9494584837545126,port
TO,TO,,-11.0,554,0.9494584837545126,eez
FM,CK,APIA,-11.0,531,0.7796610169491526,port
FM,CK,,-11.0,531,0.7796610169491526,eez
KI,CK,,-10.0,531,0.4651600753295669,eez
VU,I5,,-9.0,470,0.4276595744680851,eez
CN,CK,APIA,-11.0,395,0.5088607594936709,port
FJ,I7,,12.0,369,0.8807588075880759,eez
FJ,I7,SUVA,12.0,351,0.9259259259259259,port
FJ,TO,SUVA,-11.0,334,0.9850299401197605,port
KI,CK,APIA,-11.0,330,0.41515151515151516,port
CK,CK,,-11.0,327,0.6422018348623854,eez
VU,I7,,-11.0,326,0.26380368098159507,eez
TW,SB,NORO,11.0,310,0.7096774193548387,port
VU,IW,,-10.0,308,0.3474025974025974,eez
CN,VU,SUVA,11.0,305,0.5311475409836065,port
CN,SB,,11.0,305,0.4786885245901639,eez
KI,I7,SUVA,12.0,304,0.993421052631579,port
KI,I7,,12.0,304,0.993421052631579,eez
FM,MH,MAJURO,12.0,278,0.9172661870503597,port
FM,MH,,12.0,278,0.9172661870503597,eez
TW,SB,HONIARA,11.0,261,0.5593869731800766,port
WS,WS,,-11.0,260,0.8461538461538461,eez
FJ,TV,,12.0,256,0.98828125,eez
VU,I6,,11.0,240,0.42916666666666664,eez
SB,SB,NORO,11.0,238,0.7773109243697479,port
WS,WS,APIA,-11.0,236,0.8389830508474576,port
FJ,TV,SUVA,12.0,235,0.9872340425531915,port
FJ,VU,SUVA,12.0,225,0.7155555555555555,port
FJ,VU,,12.0,225,0.7155555555555555,eez
CN,I8,,11.0,215,0.6232558139534884,eez
KI,CK,SUVA,-10.0,201,0.9900497512437811,port
CK,CK,PAGO PAGO,-11.0,200,0.99,port
NC,NC,KOUMAC,11.0,196,0.9489795918367347,port
CN,CK,PAPEETE,-10.0,194,1.0,port
CN,FJ,SUVA,12.0,193,0.9637305699481865,port
CN,FJ,,12.0,193,0.9637305699481865,eez
VU,I7,KAOHSIUNG,-11.0,180,0.39444444444444443,port
WS,TK,APIA,-11.0,178,0.5168539325842697,port
WS,TK,,-11.0,178,0.5168539325842697,eez
VU,I4,,12.0,173,0.7167630057803468,eez
MH,FM,POHNPEI,11.0,168,0.7738095238095238,port
MH,FM,,11.0,168,0.7738095238095238,eez
VU,I5,KAOHSIUNG,-9.0,158,0.4936708860759494,port
VU,I5,SUVA,-10.0,149,0.5503355704697986,port
CN,SB,SUVA,11.0,146,0.5068493150684932,port
CN,I8,PORT VILA,11.0,135,0.562962962962963,port
CN,MH,MAJURO,12.0,126,0.9841269841269841,port
KI,VU,SUVA,12.0,126,0.5476190476190477,port
CN,MH,,12.0,126,0.9841269841269841,eez
FM,FM,,10.0,126,0.5158730158730159,eez
KI,VU,,12.0,126,0.5476190476190477,eez
VU,IW,SUVA,11.0,124,0.45161290322580644,port
CN,SB,HONIARA,11.0,117,0.5982905982905983,port
VU,NU,APIA,12.0,116,0.5517241379310345,port
VU,NU,,12.0,116,0.5517241379310345,eez
KI,FJ,SUVA,12.0,105,0.9904761904761905,port
TO,CK,PAGO PAGO,-11.0,105,1.0,port
KI,FJ,,12.0,105,0.9904761904761905,eez
TO,CK,,-11.0,105,1.0,eez
CK,CK,APIA,11.0,104,0.49038461538461536,port
CN,CK,ZHOUSHAN,-11.0,102,0.9901960784313726,port
VU,I6,SUVA,11.0,95,0.45263157894736844,port
VU,PG,ALOTAU,10.0,94,0.9893617021276596,port
VU,PG,,10.0,94,0.9893617021276596,eez
FM,FM,KOSRAE,10.0,91,0.7142857142857143,port
VU,I6,AT SEA,-11.0,91,0.4835164835164835,port
VU,I5,AT SEA,-9.0,90,0.6666666666666666,port
VU,I7,SUVA,12.0,87,0.5862068965517241,port
VU,I4,AT SEA,12.0,86,1.0,port
VU,I4,KAOHSIUNG,-11.0,84,0.5595238095238095,port
VU,IW,KAOHSIUNG,-11.0,84,0.39285714285714285,port
MH,GL,,12.0,79,0.9873417721518988,eez
FJ,I8,SUVA,12.0,74,1.0,port
FJ,I8,,12.0,74,1.0,eez
MH,GL,TARAWA,12.0,65,0.9846153846153847,port
VU,I5,PAPEETE,-10.0,63,0.9841269841269841,port
CN,CK,PAGO PAGO,-10.0,61,1.0,port
KI,H4,SUVA,12.0,61,1.0,port
KI,H4,,12.0,61,1.0,eez
CN,CK,Faaa,-10.0,57,1.0,port
JP,PG,,10.0,57,0.7192982456140351,eez
CK,I7,SUVA,12.0,54,1.0,port
VU,I6,KAOHSIUNG,12.0,54,0.4444444444444444,port
CK,I7,,12.0,54,1.0,eez
VU,H5,,-11.0,54,0.9814814814814815,eez
CK,WS,APIA,-11.0,53,0.5471698113207547,port
TW,TO,TAIWAN,-11.0,53,1.0,port
CK,WS,,-11.0,53,0.5471698113207547,eez
KI,I4,SUVA,12.0,52,1.0,port
KI,I4,,12.0,52,1.0,eez
CK,NU,APIA,-12.0,50,0.74,port
CK,NU,,-12.0,50,0.74,eez
VU,SB,HONIARA,12.0,49,0.9795918367346939,port
VU,SB,,12.0,49,0.9795918367346939,eez
CN,PW,MALAKAL,9.0,48,1.0,port
CN,PW,,9.0,48,1.0,eez
TV,TV,SUVA,-11.0,47,0.7021276595744681,port
VU,I7,PAPEETE,-10.0,47,0.6808510638297872,port
TV,TV,,-11.0,47,0.7021276595744681,eez
VU,IW,PAPEETE,-10.0,45,0.9777777777777777,port
VU,VU,HONIARA,12.0,45,0.9777777777777777,port
VU,VU,,12.0,45,0.9777777777777777,eez
VU,IW,VACAMONTE,-10.0,44,1.0,port
JP,PG,RABAUL,10.0,41,1.0,port
MH,CK,APIA,-11.0,41,1.0,port
JP,FM,,11.0,41,1.0,eez
MH,CK,,-11.0,41,1.0,eez
CN,I8,SUVA,11.0,40,0.975,port
CN,SB,NORO,12.0,40,0.975,port
FJ,I2,SUVA,12.0,40,1.0,port
FJ,I2,,12.0,40,1.0,eez
KI,I8,SUVA,-10.0,38,0.7105263157894737,port
WS,SB,HONIARA,11.0,38,0.9736842105263158,port
KI,I8,,-10.0,38,0.7105263157894737,eez
WS,SB,,11.0,38,0.9736842105263158,eez
CK,TK,APIA,12.0,36,0.7777777777777778,port
CK,TK,,12.0,36,0.7777777777777778,eez
FM,FM,POHNPEI,-8.0,35,0.5142857142857142,port
TW,MH,MAJURO,12.0,35,0.9428571428571428,port
VU,H5,KAOHSIUNG,-11.0,35,0.9714285714285714,port
TW,MH,,12.0,35,0.9428571428571428,eez
CN,H5,,-11.0,34,0.7941176470588235,eez
JP,FM,KESENNUMA,11.0,33,1.0,port
WS,NU,,-11.0,33,1.0,eez
TV,I8,SUVA,12.0,31,1.0,port
TV,I8,,12.0,31,1.0,eez
CN,GL,TARAWA,12.0,29,1.0,port
KI,I5,SUVA,-10.0,29,0.9310344827586207,port
CN,GL,,11.0,29,0.0,flag_fallback
KI,I5,,12.0,29,0.06896551724137931,flag_fallback
FJ,FJ,MUAIWALU,12.0,28,0.9285714285714286,port
KI,LN,APIA,-11.0,28,1.0,port
FM,PG,,-11.0,28,0.0,flag_fallback
KI,LN,,12.0,28,0.0,flag_fallback
WS,H4,APIA,12.0,27,0.7777777777777778,port
WS,H4,,-11.0,27,0.2222222222222222,flag_fallback
CN,H5,APIA,-11.0,26,1.0,port
CN,I8,HONIARA,11.0,25,0.76,port
WS,WS,SUVA,-11.0,24,0.9166666666666666,port
CK,CK,AVATIU,-10.0,23,0.8260869565217391,port
KI,TV,SUVA,12.0,23,1.0,port
KI,TV,,12.0,23,1.0,flag_fallback
KI,I2,SUVA,12.0,22,1.0,port
KI,I2,,12.0,22,1.0,flag_fallback
FJ,TV,MUAIWALU,12.0,21,1.0,port
PG,PG,PORT MORESBY,10.0,21,1.0,port
PG,PG,,10.0,21,1.0,flag_fallback
WS,NU,APIA,-11.0,20,1.0,port
CN,I2,,11.0,20,0.35,flag_fallback
VU,H5,SUVA,-11.0,19,1.0,port
FJ,H4,SUVA,12.0,18,0.9444444444444444,port
FJ,I7,NUKU'ALOFA,-11.0,18,1.0,port
TV,H4,SUVA,-11.0,18,1.0,port
US,TO,NUKU'ALOFA,-11.0,18,1.0,port
FJ,H4,,12.0,18,0.9444444444444444,flag_fallback
TV,H4,,12.0,18,0.0,flag_fallback
US,TO,,-11.0,18,1.0,flag_fallback
FJ,GL,TARAWA,12.0,16,1.0,port
JP,PG,MISAKI,9.0,16,1.0,port
VU,I3,KAOHSIUNG,11.0,16,1.0,port
FJ,GL,,12.0,16,1.0,flag_fallback
VU,I3,,12.0,16,0.0,flag_fallback
CN,I8,NORO,12.0,15,1.0,port
FJ,I4,SUVA,12.0,15,1.0,port
FM,PG,KOSRAE,11.0,15,0.5333333333333333,port
MH,I4,MAJURO,-12.0,15,0.6666666666666666,port
FJ,I4,,12.0,15,1.0,flag_fallback
KI,H5,,12.0,15,1.0,flag_fallback
MH,I4,,12.0,15,0.3333333333333333,flag_fallback
FM,H5,APIA,-11.0,14,1.0,port
MH,GL,BETIO,12.0,14,1.0,port
FM,H5,,-11.0,14,1.0,flag_fallback
CN,I2,PORT VILA,11.0,13,0.5384615384615384,port
FM,PG,POHNPEI,11.0,13,0.8461538461538461,port
SB,I2,HONIARA,11.0,13,0.6923076923076923,port
WS,NU,SUVA,-11.0,13,1.0,port
SB,I2,,11.0,13,0.6923076923076923,flag_fallback
VU,I7,AT SEA,-10.0,12,1.0,port
KI,GL,TARAWA,12.0,11,1.0,port
VU,IW,AT SEA,-11.0,11,0.6363636363636364,port
KI,GL,,12.0,11,1.0,flag_fallback
VU,I5,BUSAN,-11.0,10,0.6,port
KI,I9,SUVA,-10.0,9,1.0,port
KI,I9,,12.0,9,0.0,flag_fallback
CN,VU,NORO,12.0,8,1.0,port
JP,FM,RABAUL,11.0,8,1.0,port
KI,H5,APIA,12.0,8,1.0,port
MH,MH,MAHE,12.0,8,1.0,port
SB,I3,HONIARA,11.0,8,1.0,port
TO,I7,NUKU'ALOFA,-11.0,8,0.625,port
SB,I3,,11.0,8,1.0,flag_fallback
TO,I7,,-11.0,8,0.625,flag_fallback
CN,H5,Faaa,-10.0,7,1.0,port
CN,I2,HONIARA,12.0,7,1.0,port
FJ,I3,SUVA,12.0,7,1.0,port
KI,H5,SUVA,12.0,7,1.0,port
TV,I2,SUVA,12.0,7,1.0,port
VU,I1,AT SEA,10.0,7,1.0,port
VU,I2,AT SEA,12.0,7,0.7142857142857143,port
FJ,I3,,12.0,7,1.0,flag_fallback
TV,I2,,12.0,7,1.0,flag_fallback
VU,I1,,12.0,7,0.0,flag_fallback
VU,I2,,12.0,7,0.7142857142857143,flag_fallback
VU,H4,AT SEA,12.0,6,0.8333333333333334,port
VU,H4,,12.0,6,0.8333333333333334,flag_fallback
FM,I4,MAJURO,12.0,5,1.0,port
MH,I3,MAJURO,12.0,5,1.0,port
FM,I4,,-11.0,5,0.0,flag_fallback
MH,I3,,12.0,5,1.0,flag_fallback
TW,PW,MALAKAL,9.0,4,1.0,port
WS,AS,APIA,12.0,4,0.5,port
TW,PW,,-11.0,4,0.0,flag_fallback
WS,AS,,-11.0,4,0.5,flag_fallback
CN,I3,MAJURO,12.0,3,1.0,port
CN,I9,PAPEETE,-10.0,3,1.0,port
CN,LN,APIA,-11.0,3,1.0,port
FM,I5,APIA,-10.0,3,1.0,port
TW,I2,HONIARA,-11.0,3,0.6666666666666666,port
CN,I3,,11.0,3,0.0,flag_fallback
CN,I9,,11.0,3,0.0,flag_fallback
CN,LN,,11.0,3,0.0,flag_fallback
FM,I5,,-11.0,3,0.0,flag_fallback
TW,I2,,-11.0,3,0.6666666666666666,flag_fallback
CK,AS,PAGO PAGO,-11.0,2,1.0,port
CN,SB,PORT VILA,12.0,2,0.5,port
FJ,FJ,NUKU'ALOFA,-11.0,2,1.0,port
MH,I2,TARAWA,12.0,2,1.0,port
VU,I4,SUVA,-11.0,2,1.0,port
CK,AS,,-11.0,2,1.0,flag_fallback
MH,I2,,12.0,2,1.0,flag_fallback
CN,H5,ZHOUSHAN,-11.0,1,1.0,port
CN,PF,APIA,-11.0,1,1.0,port
FJ,IW,SUVA,12.0,1,1.0,port
FJ,MA,SUVA,12.0,1,1.0,port
FJ,WF,SUVA,12.0,1,1.0,port
FM,I2,KOSRAE,-9.0,1,1.0,port
FM,I3,MAJURO,12.0,1,1.0,port
TO,AS,PAGO PAGO,-11.0,1,1.0,port
TW,I7,NUKU'ALOFA,-11.0,1,1.0,port
TW,WF,NUKU'ALOFA,-11.0,1,1.0,port
VU,HW,KAOHSIUNG,12.0,1,1.0,port
VU,I4,BUSAN,12.0,1,1.0,port
CN,PF,,11.0,1,0.0,flag_fallback
FJ,IW,,12.0,1,1.0,flag_fallback
FJ,MA,,12.0,1,1.0,flag_fallback
FJ,WF,,12.0,1,1.0,flag_fallback
FM,I2,,-11.0,1,0.0,flag_fallback
FM,I3,,-11.0,1,0.0,flag_fallback
TO,AS,,-11.0,1,1.0,flag_fallback
TW,I7,,-11.0,1,1.0,flag_fallback
TW,WF,,-11.0,1,1.0,flag_fallback
VU,HW,,12.0,1,1.0,flag_fallback
