entity,schema,db_table,row_count
HandlineActivity,log,log.sets_hl,16101
HandlineLogsheet,log,log.trips_hl,1066
LonglineActivity,log,log.sets_ll,2547959
LonglineLogsheet,log,log.trips_ll,99480
NetShareReceive,log,log.net_share_receives,412
PoleAndLineActivity,log,log.sets_pl,381840
PoleAndLineLogsheet,log,log.trips_pl,21972
PurseseineActivity,log,log.sets_ps,2557110
PurseseineLogsheet,log,log.trips_ps,70468
SnapperActivity,log,log.sets_ds,22545
SnapperLogsheet,log,log.trips_ds,4154
Transshipment,log,log.transshipments,19761
CarrierObserverTransshipmentActivity,obsv,obsv.carrier_transshipment,1469
CarrierObserverTrip,obsv,obsv.carrier_trip,129
ObserverLonglineSet,obsv,obsv.l_set,124768
ObserverLonglineSetCatch,obsv,obsv.l_setcatch,5746554
ObserverPoleAndLineDaylog,obsv,obsv.p_daylog,21743
ObserverPurseseineDaylog,obsv,obsv.s_daylog,6467418
ObserverTrip,obsv,obsv.trip,38328
TaggingBaitCaptureSet,tagging,tagging.bait_capture_sets,417