eez_list,trip_count,total_trips
PF,10059,41504
MH,5772,41504
FJ,4637,41504
NC,2872,41504
PW,2156,41504
SB,1717,41504
TO,1474,41504
CK,1216,41504
FM,1179,41504
WS,738,41504
"I8,VU",666,41504
PG,648,41504
VU,646,41504
GL,575,41504
IW,572,41504
I7,447,41504
"TK,WS",317,41504
"I8,SB",304,41504
"I5,IW",293,41504
"I3,PW",285,41504
"I8,SB,VU",167,41504
"SB,VU",165,41504
I5,164,41504
"I2,SB",154,41504
I4,137,41504
I8,136,41504
I6,131,41504
"I6,IW",116,41504
TK,100,41504
"FM,I2",97,41504
"CK,H5",92,41504
H5,84,41504
LN,82,41504
"FJ,I7",79,41504
"I2,TV",75,41504
"I4,I5",64,41504
"I2,I8,VU",56,41504
"I5,IW,LN",56,41504
TV,56,41504
"H5,I4,I5",53,41504
"H4,TV",50,41504
"FM,PG",50,41504
I3,49,41504
"H5,I5",49,41504
"FM,MH",49,41504
I2,45,41504
"I7,IW",44,41504
"I3,MH",42,41504
"I2,PG",37,41504
"I4,MH",37,41504
"NU,WS",37,41504
"I2,I8,TV",36,41504
"FM,I3",36,41504
"I2,I8,TV,VU",35,41504
"I5,LN",34,41504
"I4,I5,IW",33,41504
"I3,I4",33,41504
NU,31,41504
"I7,VU",31,41504
"GL,I2",27,41504
"CK,I5",27,41504
"FM,I1",26,41504
"AS,TK,WS",26,41504
"CK,I5,IW",25,41504
"I7,I8,VU",25,41504
"I3,I4,MH",24,41504
"I8,TV,VU",24,41504
"FJ,I8",23,41504
"AS,CK",23,41504
"PG,SB",22,41504
"H5,I5,LN",22,41504
"H4,I2,TV",22,41504
"AS,WS",21,41504
"H5,I5,IW",20,41504
"MA,NC",20,41504
"H5,LN",20,41504
"FM,PW",20,41504
"I2,I8",19,41504
"TO,WS",19,41504
"CK,LN",18,41504
"I7,SB",18,41504
"I2,VU",18,41504
I1,18,41504
"H5,I4,I5,IW",17,41504
"I3,JP,PW",16,41504
"FJ,TO",16,41504
"FJ,TV",16,41504
"I2,I8,SB",16,41504
"HW,I6",15,41504
"H4,I4",15,41504
"H4,I4,TV",15,41504
"H4,H5",15,41504
"I1,PW",14,41504
"I4,TV",14,41504
"CK,I9",14,41504
"GL,I4",14,41504
"H5,PX",13,41504
"I6,I7,IW",13,41504
"H5,I5,IW,LN",13,41504
"I2,I8,SB,VU",13,41504
"CK,FM",13,41504
"H4,TK,WS",13,41504
"AU,PG",12,41504
"H5,LN,PX",12,41504
"H5,I4,I5,LN",12,41504
H4,11,41504
"I4,I5,LN",11,41504
"I7,I8",11,41504
"ID,PW",11,41504
"AU,SB",10,41504
"I7,WS",10,41504
"I5,I6,IW",10,41504
"H5,I4,I5,LN,PX",9,41504
"GL,H4,PX",9,41504
"I5,I7,IW",9,41504
"I6,I7",9,41504
ID,9,41504
"TV,VU",9,41504
"CK,H5,I5",9,41504
"GL,MH",8,41504
"H5,I5,LN,PX",8,41504
"I2,I4,TV",8,41504
"I2,I4",8,41504
"I7,TO",8,41504
"H5,I4,I5,PX",8,41504
"H4,WS",8,41504
"I8,TV",7,41504
"I3,I4,I6",7,41504
"I7,NF",7,41504
"H4,TK",7,41504
"AU,I7",7,41504
"FJ,H4,I2,TV",7,41504
"FM,I2,PG",7,41504
"I7,NC",7,41504
"H4,I2",7,41504
"FJ,I2,TV",7,41504
"FJ,VU",7,41504
"I7,NU",7,41504
"I2,I8,PG",7,41504
"I2,TV,VU",6,41504
"CK,I5,LN",6,41504
"FJ,I2",6,41504
"I4,I6,IW",6,41504
"CK,H5,I5,IW",6,41504
"I3,I4,I5",6,41504
"GL,I3,I4",6,41504
"FJ,I8,VU",6,41504
"IW,LN",6,41504
"I3,JP",6,41504
"GL,H4",6,41504
"CK,I9,LN",6,41504
"I4,I6",6,41504
"NC,VU",6,41504
"I9,LN",5,41504
JP,5,41504
"H5,I7",5,41504
"I7,NU,WS",5,41504
"TK,WF,WS",5,41504
"I5,I9,LN",5,41504
"FM,I2,SB",5,41504
"CK,H5,LN",5,41504
"GL,H4,I2,I4,TV",5,41504
"I7,NZ",5,41504
"FJ,I2,I8,VU",5,41504
"I5,I7",5,41504
"GL,PX,TV",5,41504
"I2,I3,SB",5,41504
MA,5,41504
"H5,TK,WS",5,41504
"I3,I4,I6,I7,IW",5,41504
"H4,H5,LN,PX",5,41504
"MA,VU",5,41504
"I8,NC,VU",5,41504
"H4,H5,TV",5,41504
PX,5,41504
"H4,I2,I4,TV",5,41504
"H5,I4",5,41504
"H4,I2,I8,TV",4,41504
"I8,PG",4,41504
"I1,PG",4,41504
"GL,PX",4,41504
"I2,PG,SB",4,41504
"I5,I6,I7,IW",4,41504
"I2,I7",4,41504
"GL,I2,TV",4,41504
"I3,I6",4,41504
"CK,I7",4,41504
"H5,I9",4,41504
"GL,H5,I5,LN,PX",4,41504
"I1,SB",4,41504
"FM,I3,PW",4,41504
"GL,H4,PX,TV",4,41504
"CK,H4",4,41504
"CK,H5,PX",4,41504
"I3,I4,I6,I7",4,41504
"FJ,I2,I8",4,41504
"FJ,I7,VU",4,41504
"FJ,I7,I8",4,41504
"SB,TV",4,41504
"I7,TV",4,41504
"JV,LN",4,41504
"I3,I4,SB",3,41504
"GL,H4,I2,PX,TV",3,41504
"I8,SB,TV",3,41504
"I7,TO,WS",3,41504
"I2,I8,SB,TV",3,41504
"GL,H4,I2,I3,I4,TV",3,41504
"FJ,I2,I8,TV",3,41504
"FJ,WF",3,41504
"H5,I3,I4,I5",3,41504
"GL,H5,LN,PX",3,41504
"GU,MP",3,41504
"FJ,H4,I4",3,41504
"H4,PX",3,41504
"GL,I2,I4",3,41504
"GL,I2,I8",3,41504
"CK,H5,I5,LN",3,41504
"GL,H5,I5,IW,LN,PX",3,41504
"GL,I2,SB",3,41504
"H4,I4,I5",3,41504
"CK,H4,H5",3,41504
"GL,H4,H5,I2,LN,PX,TV",3,41504
"FM,I2,NR",3,41504
"H5,I9,LN",3,41504
"AU,I8,PG",3,41504
"GL,H4,H5,I5,IW,LN,PX,TV",3,41504
"FM,I1,I3",3,41504
"I5,I9,IW,LN",3,41504
"GL,H4,H5,I5,LN,PX",3,41504
"CK,I5,IW,LN",3,41504
"FM,I2,I3",3,41504
"I5,I7,IW,LN",3,41504
"H4,H5,I4,I5,TV",3,41504
"I5,I7,LN",3,41504
"CK,PF",3,41504
"I5,IW,PF",3,41504
"H5,I5,PX",3,41504
"I7,I8,SB",3,41504
"H5,I5,I6",3,41504
"NU,TK",3,41504
"I7,MA,VU",3,41504
"NU,TO,WS",3,41504
"H4,H5,I2,I8,VU",3,41504
"H4,I2,I7,I8,TV",3,41504
"I2,SB,VU",3,41504
"CK,H5,IW",3,41504
"I3,I4,I5,IW",3,41504
"H4,I3,I4,TV",3,41504
"H5,I3,I4,I5,LN",3,41504
"I2,I3,I4,TV",2,41504
"I2,SB,TV",2,41504
"IW,PA",2,41504
"H5,I4,LN",2,41504
"I2,I7,I8,VU",2,41504
"I2,I8,SB,TV,VU",2,41504
"JP,PW",2,41504
"H5,I2,PX",2,41504
"I7,IW,PN",2,41504
"I4,I5,I6",2,41504
"I7,TK",2,41504
"H5,I3,I4",2,41504
"I7,MA",2,41504
I9,2,41504
"I8,NC,SB",2,41504
"H4,I7",2,41504
"I5,PF",2,41504
"H4,H5,PX,TV",2,41504
"I7,I8,NF,VU",2,41504
"H4,I2,I8",2,41504
"I7,I8,SB,VU",2,41504
"H5,I4,I5,TV",2,41504
"AS,NU,WS",2,41504
"H4,H5,I5,TV",2,41504
"HW,I6,IW",2,41504
"H5,TK",2,41504
"AS,TK",2,41504
"H4,H5,TK,WS",2,41504
"I1,I2,I3,SB",2,41504
"FJ,I7,TO",2,41504
"CK,FM,H5",2,41504
"H5,I5,IW,JV,LN",2,41504
"H5,I4,I5,IW,LN",2,41504
"GL,H4,I2,I4,PX,TV",2,41504
"CK,IW",2,41504
"H5,I8,TV",2,41504
"H5,I2,I5,IW",2,41504
"GL,H4,I2,I8,PX,TV",2,41504
"CK,TK",2,41504
"H5,I8,VU",2,41504
"H4,I4,I5,TV",2,41504
"GL,H4,H5,I5,IW,LN,PX",2,41504
"FJ,H4,TV",2,41504
"H5,JV,LN,PX",2,41504
"H4,I2,I3,I4,TV",2,41504
"GL,H4,H5,PX",2,41504
"FJ,TV,WF",2,41504
"GL,I2,I8,SB",2,41504
"H4,I2,I8,PX,TV",2,41504
"GL,H4,PX,VU",2,41504
"FM,GL,H4,I4",2,41504
"GL,H4,I2,I4",2,41504
"H4,I2,I8,VU",2,41504
"FM,I1,I2",2,41504
"GL,H4,TV",2,41504
"AS,TK,TO,WS",2,41504
"H4,I2,VU",2,41504
AU,2,41504
"GL,H5,I2,I4,LN,PX",2,41504
"CK,H5,I5,LN,PX",2,41504
"H4,H5,VU",2,41504
"CK,H5,WS",2,41504
"FM,I3,JP",2,41504
"LN,PX",2,41504
"H4,HB,I4",2,41504
"NC,SB,VU",2,41504
"H4,H5,I2,I4,TV",2,41504
"H4,H5,I2,I4,I5",2,41504
"H4,H5,I2,I8,TV",2,41504
"GL,I2,VU",2,41504
"H4,SB,TK",2,41504
"H4,H5,I7,I9",2,41504
"H5,I3,I4,I5,IW",2,41504
"H4,H5,I2,LN,PX,TV",2,41504
"H4,H5,PX",2,41504
"GL,H5,PX",2,41504
"H4,H5,I8,VU",2,41504
"GL,H4,I4,TV",2,41504
"GL,H5,I4,I5,LN,PX",2,41504
"FM,I2,I8",2,41504
"H4,I2,I8,TV,VU",2,41504
"GL,H4,H5,I4,I5,LN,PX,TV",2,41504
"H5,I4,JV,LN",2,41504
"GL,H4,H5,I5,LN,PX,TV",2,41504
"H5,I4,LN,PX",2,41504
"GL,H4,H5,LN,PX,TV",2,41504
"H5,I4,I5,JV,LN",2,41504
"FJ,I7,IW",2,41504
"H5,I4,I5,JV,LN,PX",2,41504
"CK,H5,I5,I9",2,41504
"I2,MH",2,41504
"CK,H4,I5,LN,PX",2,41504
"I2,I3,I4,SB",2,41504
"FM,H5,PX",2,41504
"H5,TV",2,41504
"CK,FM,H4",2,41504
"I4,LN",2,41504
"CK,FM,I2",2,41504
"I8,SB,TV,VU",2,41504
"I8,NC,SB,VU",2,41504
"GL,H5",1,41504
"I4,IW",1,41504
"PG,VU",1,41504
"I8,PX,TV",1,41504
"GL,H5,I2,I4,I5,LN,PX",1,41504
"I4,I5,I6,IW",1,41504
"PX,TV,VU",1,41504
"I9,WS",1,41504
"GL,H5,I2,I4,I5,TV",1,41504
"I4,I5,IW,LN",1,41504
"LN,TK,TO,WS",1,41504
"IW,MP",1,41504
"GL,H5,I2,I8,PX,TV",1,41504
"I4,I5,LN,PX",1,41504
"MA,NC,VU",1,41504
"TK,WF",1,41504
"GL,H5,I2,PX,TV",1,41504
"I4,I5,PX",1,41504
NR,1,41504
"MH,PG",1,41504
"GL,H5,I3,I4,I5,LN,PX",1,41504
"I3,I5",1,41504
"KR,TK,WS",1,41504
"NC,SB",1,41504
"GL,H5,I4,LN,PX",1,41504
"I3,I6,IW",1,41504
JV,1,41504
"CK,FM,I5,SB",1,41504
"GL,H4,I2",1,41504
"I3,I6,IW,MH",1,41504
"I8,PG,SB",1,41504
"AU,PG,VU",1,41504
"GL,H4,H5,I5,LN,PX,TK,TV",1,41504
"I3,I4,I6,MH",1,41504
"CK,I5,I7,IW",1,41504
"AU,I3,I4,I6,I7",1,41504
"GL,H4,I4",1,41504
"I3,I4,I6,PG",1,41504
"FJ,H4,I8,PX,TV,VU",1,41504
"AU,I8,SB",1,41504
"GL,H4,I4,PX",1,41504
"I3,I4,I6,SB",1,41504
"FJ,H5",1,41504
"AS,CK,H5,PX",1,41504
"GL,H4,I8",1,41504
"H5,WS",1,41504
"CK,TK,WS",1,41504
"AS,CK,I5",1,41504
"GL,H4,LN,PX",1,41504
"HW,IW",1,41504
"FJ,H4,H5,TV",1,41504
"AS,CK,LN",1,41504
"GL,LN,PX",1,41504
"I1,I2,I3,PG",1,41504
"FJ,H4,I2,I4,TV",1,41504
"CK,H4,H5,I2",1,41504
"H4,H5,I2,I4",1,41504
"I1,I2,PG",1,41504
"FM,H4,I2",1,41504
"CK,H4,H5,TV",1,41504
"H4,H5,I2,I4,I5,IW,TV",1,41504
"H5,I7,I8,IW",1,41504
"FM,H4,I2,TV",1,41504
"CK,H5,I4,I5,LN",1,41504
"H4,H5,I2,I4,PX,TV",1,41504
"H5,I7,I9",1,41504
"FJ,MA,VU",1,41504
"CK,H5,I5,JV,LN",1,41504
"H4,H5,I2,I7",1,41504
"H5,LN,PX,TV",1,41504
"CK,H5,LN,PY",1,41504
"CK,H5,I8,VU",1,41504
"H4,I2,I4,I5,TV",1,41504
"H5,SB",1,41504
"CK,H4,H5,I8,TK,VU",1,41504
"CK,I5,IW,PF",1,41504
"H4,I2,I4,I8",1,41504
"I2,I4,I8,VU",1,41504
"CK,H4,H5,I8,TV",1,41504
"CK,I5,IW,WS",1,41504
"H4,I2,SB",1,41504
"I2,I8,PX",1,41504
"CK,H5,I3,I9,MH",1,41504
"FJ,I7,WF",1,41504
"H4,I2,SB,TV",1,41504
"I2,I3,I4",1,41504
"AU,I2,I8,PG",1,41504
"FJ,I8,TV",1,41504
"H4,I5,IW",1,41504
"H5,I4,I5,IW,PX",1,41504
"AS,CK,H5,I5,IW",1,41504
"FJ,MA",1,41504
"H4,I7,TV",1,41504
"H5,I5,I7",1,41504
"AU,PG,SB",1,41504
"FJ,SB,VU",1,41504
"H4,IW",1,41504
"H5,I5,LN,PX,PY",1,41504
"CK,FM,MH",1,41504
"FM,H4",1,41504
"H4,TK,WF,WS",1,41504
"H5,I5,PY",1,41504
"FM,I1,I2,PG",1,41504
"FJ,I7,NF,VU",1,41504
"FJ,I8,SB",1,41504
"H5,I5,IW,LN,PX",1,41504
"FM,I1,TK",1,41504
"FJ,I7,NZ",1,41504
"FJ,I8,SB,VU",1,41504
"H5,I5,JV,LN",1,41504
"FM,I2,I4",1,41504
"CK,WS",1,41504
"FJ,I7,I8,VU",1,41504
"H5,I5,JV,PY",1,41504
"FM,I2,I7",1,41504
"F1,IW",1,41504
"FJ,GL,H4,HB,I2,I4,TV",1,41504
"H4,H5,I9,TV",1,41504
"FM,I2,I8,VU",1,41504
"FJ,H4,H5",1,41504
"FJ,H4,I4,PX",1,41504
"H4,H5,IW,TV",1,41504
"FM,I2,TV",1,41504
"FJ,H4,HB,I2,I4,TV",1,41504
"AU,I7,I8,NF,VU",1,41504
"H4,HB,I2,I3,I4,I5,TV",1,41504
"FM,I4",1,41504
"GL,H4,HB,PX,TV",1,41504
"AS,H4,TK,WS",1,41504
"H4,HB,TV",1,41504
"FM,I4,MH",1,41504
"GL,H4,PX,TK,TV",1,41504
"AS,H5,TK",1,41504
"H4,I2,I4,I6,IW,PX",1,41504
"GL,H4,I2,TV",1,41504
"GL,H5,I2,LN,PX,TV",1,41504
"AS,TK,WF",1,41504
"H5,I3,I4,I6,I7,IW",1,41504
"GL,H4,I3,I4,PX",1,41504
"GL,H4,H5,HB,I3,I4,I5,TV",1,41504
"CK,H5,I5,IW,LN",1,41504
"H4,I4,I7",1,41504
"GL,H4,I3,I4,TV",1,41504
"GL,H4,H5,I4,I5,LN,PX",1,41504
"CK,H5,I8,TK,VU",1,41504
"H5,HB,I3,I4,LN,PX",1,41504
"GL,H4,I5,LN,PX",1,41504
"H4,H5,I4",1,41504
"CK,H5,TK,WS",1,41504
"H5,HB,I4,I5",1,41504
"GL,H5,I2,I8,LN,PX",1,41504
"H4,H5,I4,I5,LN,PG,PX",1,41504
"FM,I2,IW,VU",1,41504
"H5,I1,I4,I5,IW",1,41504
"GL,H5,I4,I5,JV,LN,PX",1,41504
"H4,H5,I5",1,41504
"FM,I2,NC,SB",1,41504
"H5,I2,I3,I4,I5,TV",1,41504
"GL,H5,I4,JV,LN,PX",1,41504
"H4,H5,I5,LN,PX",1,41504
"FM,GU",1,41504
"H4,H5,I5,IW",1,41504
"GL,I2,I3,I4,PX,TV",1,41504
"H4,H5,I8,PX,TK,TV",1,41504
"FM,I4,I5,LN,PX",1,41504
"H4,H5,HB,I2,I4,PX",1,41504
"GL,IW",1,41504
"H4,H5,I9",1,41504
"FM,MH,NR",1,41504
"GL,I4,MH",1,41504
"GL,SB,VU",1,41504
"H4,H5,I2,I4,I5,TV",1,41504
"FM,PF,PG",1,41504
"GL,TV",1,41504
"GL,H4,H5,HB,LN,PX",1,41504
"H4,H5,I2,I4,I8,SB",1,41504
"GL,H4,H5,HB,I2,LN,PX,TV",1,41504
"GL,H5,I2,I5,IW,LN,PX",1,41504
"GL,H4,H5,I2,I4,I5,IW,TV",1,41504
"H4,H5,I2,I8,I9",1,41504
"GL,H4,H5,I2,I5,I8,LN,PX",1,41504
"GL,H5,I5,IW,LN,PX,TV",1,41504
"GL,H4,H5,I4,I5,LN,TV",1,41504
"H4,H5,I2,JV,LN,PX,TV",1,41504
"GL,H4,H5,I2,I8,PX",1,41504
"GL,H5,I5,LN,PX,TV",1,41504
"H4,H5,I4,TV",1,41504
"GL,I2,I8,TV,VU",1,41504
"GL,H4,H5,I2,PX",1,41504
"GL,I2,PX,TK",1,41504
"H4,H5,I5,I6,I7,I9,IW",1,41504
"GL,I2,IW,PG,SB",1,41504
"HB,I4",1,41504
"FM,I1,I2,I3",1,41504
"H4,H5,I5,IW,PX,TK,TV",1,41504
"H4,I1,I2,I4,I5",1,41504
"H5,I9,LN,PX",1,41504
"FM,I1,PW",1,41504
"H4,H5,I5,LN,PX,TV",1,41504
"H4,I2,I3,I4,I8",1,41504
"I0,I3,I4,I6,JP,MH",1,41504
"FM,I2,VU",1,41504
"H4,H5,HB,I2,I3,I4,I5,PX,TV",1,41504
"H4,I3,I4,I6,I7,IW",1,41504
"I0,I3,JP,PW",1,41504
"GL,H4,HB,I2,NR,PX",1,41504
"H4,H5,HB,I2,I4,I5,TV",1,41504
"H4,I3,I4,I6,TV",1,41504
"I1,I3",1,41504
"GL,H4,HB,I4,PX",1,41504
"H4,H5,I2,I4,I5,I8,SB,TV",1,41504
"H4,VU",1,41504
"I2,I7,I8,SB",1,41504
"GL,H4,I8,PX,VU",1,41504
"H4,H5,I2,LN",1,41504
"H4,I4,PX,TV",1,41504
"I2,I8,MA,TV,VU",1,41504
"GL,H4,H5,I2,I8,LN,PX",1,41504
"H4,H5,I4,I5,IW,JP,TV",1,41504
"H4,I8",1,41504
"I2,I8,NC,SB,VU",1,41504
"GL,H4,H5,I2,LN",1,41504
"H4,H5,I4,I5,LN,PX",1,41504
"H5,I2,I5,IW,TK",1,41504
"I2,I3,I6",1,41504
"AS,H4,WS",1,41504
"I2,I3,I4,I8,SB,TV",1,41504
"H5,I3,I4,LN",1,41504
"I2,I4,I5",1,41504
"FJ,I2,SB,TV",1,41504
"H5,I5,JV,LN,PX",1,41504
"H5,I4,IW",1,41504
"I2,I4,I5,I6,IW,SB",1,41504
"FJ,I7,MA",1,41504
"H5,I6,I7,IW",1,41504
"H5,I6",1,41504
"H5,I4,PX",1,41504
"FJ,I7,TV",1,41504
"I3,I4,I5,LN",1,41504
"H5,I4,I5,I6",1,41504
"H5,I5,I6,IW",1,41504
"FJ,I8,TV,VU",1,41504
"I3,I4,TV",1,41504
"I2,I3",1,41504
"H5,I6,IW",1,41504
"FJ,NC,VU",1,41504
"I2,IW,NR,SB",1,41504
I0,1,41504
"H4,H5,I2,TV",1,41504
"FJ,SB",1,41504
"I4,I5,IW,KR",1,41504
"H5,IW",1,41504
"H4,H5,I4,I5,I6",1,41504
"FJ,H4,I2,I8,TV",1,41504
"I5,I9",1,41504
"H5,PX,TK",1,41504
"H4,H5,I4,I5,PX",1,41504
"FJ,H4,I4,TV",1,41504
"I5,IW,PX",1,41504
HB,1,41504
"H4,H5,I7",1,41504
"FJ,H4,I8",1,41504
"I5,LN,PF",1,41504
"I5,PX",1,41504
"H4,TO,WF,WS",1,41504
"CK,LN,PF",1,41504
"I5,LN,PX",1,41504
"I6,I7,IW,NZ",1,41504
"H5,HB,I4,I5,JV,LN,PX",1,41504
"CK,I9,PX",1,41504
"I6,I7,IW,PF",1,41504
"I6,JP",1,41504
"H5,I2,I4,I5,TV",1,41504
"CK,GL,H4,H5,I4,I5,LN,PX",1,41504
"I7,IW,LN",1,41504
"I8,MA,SB,VU",1,41504
"I9,LN,PF",1,41504
"CK,GL,H4,H5,I5,LN,PX,TV",1,41504
"H4,I2,I4",1,41504
"I7,NF,SB",1,41504
"I8,TV,VU,WF",1,41504
"CK,H4,H5,I2,I8,TV",1,41504
"H4,I2,I4,SB",1,41504
"I7,NF,TO,VU",1,41504
"I8,MA,VU",1,41504
"CK,H4,H5,TK,VU",1,41504
"H4,H5,MA,VU",1,41504
"I7,NU,TK",1,41504
"I6,I7,IW,PN",1,41504
"CK,H5,I9",1,41504
"H4,H5,TK",1,41504
"I7,PF",1,41504
"I4,I6,IW,JP",1,41504
"CK,H5,I9,LN",1,41504
"H4,I2,PX,TK,TV",1,41504
"I2,I7,TV,VU",1,41504
"I4,TO",1,41504
"AS,TK,WF,WS",1,41504
"H4,I3,I4,I6",1,41504
"I2,IW,PG,SB",1,41504
"I3,MP",1,41504
"AU,I2,I8,PG,SB",1,41504
"H4,I8,TK",1,41504
"I2,I4,I6,I8",1,41504
"I3,I6,PG",1,41504
"AU,I2,I8,PG,VU",1,41504
"H4,I8,VU",1,41504
"I2,I7,I8,MA,VU",1,41504
"I2,I9,SB",1,41504
"AU,I2,SB",1,41504
"H4,NU,WS",1,41504
"I3,TV",1,41504
"I3,I4,I6,IW",1,41504
"AU,I7,VU",1,41504
"H5,I2,I8,TV",1,41504
"I4,I5,I6,LN",1,41504
"SB,TW",1,41504
"I7,I8,MA,VU",1,41504
"H5,I4,NU",1,41504
"I4,I5,PY",1,41504
"TO,WF,WS",1,41504
"I7,I8,NC,NF,SB",1,41504
"H5,I3,I4,I6",1,41504
"I4,IW,LN",1,41504
"LN,PF",1,41504
"I5,JV,LN,PX",1,41504
"H5,I4,I5,IW,LN,PF",1,41504
"I5,IW,JV,LN",1,41504
"H5,I4,I5,JV",1,41504
"I6,I7,I9,IW",1,41504
"HW,I3,I4,I6,IW",1,41504
"I5,I7,IW,PN",1,41504
"HW,I4,I6",1,41504
"I5,I6,IW,PF",1,41504
"I1,I2,I7,I8",1,41504
KR,1,41504
"I1,I2,PG,SB",1,41504
"MH,NR",1,41504
"I1,I3,SB",1,41504
"I8,PG,VU",1,41504
"I9,TK,WS",1,41504
"PX,TV",1,41504
"TO,WF",1,41504