vessel_flag,eez_code,offset,count
CK,AS,-11,2
CK,CK,-12,1
CK,CK,-11,210
CK,CK,-10,60
CK,CK,0,1
CK,CK,10,4
CK,CK,11,51
CK,I7,12,54
CK,NU,-12,37
CK,NU,11,3
CK,NU,12,10
CK,TK,-11,8
CK,TK,12,28
CK,WS,-12,2
CK,WS,-11,29
CK,WS,12,22
CN,CK,-11,302
CN,CK,-10,433
CN,CK,0,1
CN,CK,10,73
CN,FJ,-12,6
CN,FJ,-11,1
CN,FJ,12,186
CN,GL,12,29
CN,H5,-11,27
CN,H5,-10,7
CN,I2,-12,6
CN,I2,11,7
CN,I2,12,7
CN,I3,12,3
CN,I8,-11,18
CN,I8,6,1
CN,I8,10,1
CN,I8,11,134
CN,I8,12,61
CN,I9,-10,3
CN,LN,-11,3
CN,MH,11,2
CN,MH,12,124
CN,PF,-11,1
CN,PW,9,48
CN,SB,-12,1
CN,SB,-11,30
CN,SB,-10,1
CN,SB,11,146
CN,SB,12,127
CN,VU,-12,14
CN,VU,-11,121
CN,VU,10,13
CN,VU,11,1854
CN,VU,12,751
FJ,FJ,-12,303
FJ,FJ,-11,299
FJ,FJ,-10,13
FJ,FJ,-9,1
FJ,FJ,0,3
FJ,FJ,7,1
FJ,FJ,8,2
FJ,FJ,9,2
FJ,FJ,10,7
FJ,FJ,11,13
FJ,FJ,12,15054
FJ,GL,12,16
FJ,H4,-12,1
FJ,H4,12,17
FJ,I2,12,40
FJ,I3,12,7
FJ,I4,12,15
FJ,I7,-12,1
FJ,I7,-11,40
FJ,I7,-10,2
FJ,I7,10,1
FJ,I7,12,325
FJ,I8,12,74
FJ,IW,12,1
FJ,MA,12,1
FJ,TO,-11,2465
FJ,TO,-10,2
FJ,TO,-3.5,1
FJ,TO,0,1
FJ,TO,4.5,1
FJ,TO,11,4
FJ,TO,12,8
FJ,TV,-10,1
FJ,TV,10,2
FJ,TV,12,253
FJ,VU,-12,1
FJ,VU,-11,50
FJ,VU,-10,1
FJ,VU,11,12
FJ,VU,12,161
FJ,WF,12,1
FM,CK,-11,414
FM,CK,-10,3
FM,CK,1,32
FM,CK,10,82
FM,FM,-12,1
FM,FM,-10,1
FM,FM,-9,11
FM,FM,-8,18
FM,FM,2,1
FM,FM,10,65
FM,FM,11,28
FM,FM,12,1
FM,H5,-11,14
FM,I2,-9,1
FM,I3,12,1
FM,I4,12,5
FM,I5,-10,3
FM,MH,-12,22
FM,MH,-11,1
FM,MH,12,255
FM,PG,-9,7
FM,PG,-8,2
FM,PG,11,19
JP,FM,11,41
JP,PG,9,16
JP,PG,10,41
KI,CK,-12,1
KI,CK,-11,137
KI,CK,-10,247
KI,CK,-7,1
KI,CK,4,5
KI,CK,5,25
KI,CK,12,115
KI,FJ,-12,1
KI,FJ,12,104
KI,GL,12,11
KI,H4,12,61
KI,H5,12,15
KI,I2,12,22
KI,I4,12,52
KI,I5,-10,27
KI,I5,12,2
KI,I7,-11,1
KI,I7,-10,1
KI,I7,12,302
KI,I8,-10,27
KI,I8,12,11
KI,I9,-10,9
KI,LN,-11,28
KI,TV,12,23
KI,VU,-10,54
KI,VU,11,3
KI,VU,12,69
MH,CK,-11,41
MH,FM,10,38
MH,FM,11,130
MH,GL,-12,1
MH,GL,12,78
MH,I2,12,2
MH,I3,12,5
MH,I4,-12,10
MH,I4,12,5
MH,MH,-12,64
MH,MH,-11,1
MH,MH,-10,6
MH,MH,0,1
MH,MH,3,1
MH,MH,4,22
MH,MH,10,2
MH,MH,11,25
MH,MH,12,1914
NC,NC,-11,7
NC,NC,-10,1
NC,NC,9,2
NC,NC,10,28
NC,NC,11,1123
NC,NC,12,18
PF,PF,-12,12
PF,PF,-11,4
PF,PF,-10,5247
PF,PF,-9,3
PF,PF,-8,2
PF,PF,0,15
PF,PF,2,17
PG,PG,10,21
SB,I2,10,4
SB,I2,11,9
SB,I3,11,8
SB,SB,-12,1
SB,SB,-11,64
SB,SB,11,558
SB,SB,12,213
TO,AS,-11,1
TO,CK,-11,105
TO,I7,-11,5
TO,I7,-10,1
TO,I7,12,2
TO,TO,-11,526
TO,TO,9,5
TO,TO,11,9
TO,TO,12,14
TV,H4,-11,18
TV,I2,12,7
TV,I8,12,31
TV,TV,-11,33
TV,TV,-10,1
TV,TV,12,13
TW,I2,-11,2
TW,I2,12,1
TW,I7,-11,1
TW,MH,-10,2
TW,MH,12,33
TW,PW,9,4
TW,SB,-11,75
TW,SB,8,1
TW,SB,10,1
TW,SB,11,366
TW,SB,12,128
TW,TO,-13,13
TW,TO,-12,1
TW,TO,-11,4830
TW,TO,-10,10
TW,TO,-6,1
TW,TO,0,1
TW,TO,9,1
TW,TO,11,4
TW,TO,12,87
TW,WF,-11,1
US,TO,-11,18
VU,H4,11,1
VU,H4,12,5
VU,H5,-11,53
VU,H5,12,1
VU,HW,12,1
VU,I1,10,7
VU,I2,11,2
VU,I2,12,5
VU,I3,11,16
VU,I4,-11,49
VU,I4,12,124
VU,I5,-11,39
VU,I5,-10,150
VU,I5,-9,201
VU,I5,-8,3
VU,I5,0,1
VU,I5,5,1
VU,I5,11,3
VU,I5,12,72
VU,I6,-12,1
VU,I6,-11,54
VU,I6,-10,17
VU,I6,9,4
VU,I6,10,16
VU,I6,11,103
VU,I6,12,45
VU,I7,-11,86
VU,I7,-10,79
VU,I7,5,65
VU,I7,9,2
VU,I7,10,1
VU,I7,11,12
VU,I7,12,81
VU,IW,-11,47
VU,IW,-10,107
VU,IW,-9,62
VU,IW,-2,1
VU,IW,11,70
VU,IW,12,21
VU,NU,-13,2
VU,NU,-12,50
VU,NU,12,64
VU,PG,-11,1
VU,PG,10,93
VU,SB,-10,1
VU,SB,12,48
VU,VU,-12,1
VU,VU,12,44
WS,AS,-11,2
WS,AS,12,2
WS,H4,-11,6
WS,H4,12,21
WS,NU,-11,33
WS,SB,-11,1
WS,SB,11,37
WS,TK,-11,92
WS,TK,-10,10
WS,TK,11,30
WS,TK,12,46
WS,WS,-11,220
WS,WS,-10,2
WS,WS,12,38