type,vessel_flag,offset,count
LonglineLogsheet,AU,-7,59
LonglineLogsheet,AU,-6,29
LonglineLogsheet,AU,6,1
LonglineLogsheet,AU,10,1
LonglineLogsheet,AU,11,296
LonglineLogsheet,AU,12,1
LonglineLogsheet,BZ,-12,2
LonglineLogsheet,BZ,-11,253
LonglineLogsheet,BZ,-10,496
LonglineLogsheet,BZ,-9,621
LonglineLogsheet,BZ,-8,1882
LonglineLogsheet,BZ,-7,433
LonglineLogsheet,BZ,-6,3107
LonglineLogsheet,CK,-12,2447
LonglineLogsheet,CK,-11,8875
LonglineLogsheet,CK,-10,143
LonglineLogsheet,CK,9,1
LonglineLogsheet,CK,11,653
LonglineLogsheet,CK,12,97
LonglineLogsheet,CK,13,11
LonglineLogsheet,CK,14,8
LonglineLogsheet,CN,-12,4045
LonglineLogsheet,CN,-11,22739
LonglineLogsheet,CN,-10,6861
LonglineLogsheet,CN,-9,932
LonglineLogsheet,CN,-8,1768
LonglineLogsheet,CN,-7,651
LonglineLogsheet,CN,-6,144
LonglineLogsheet,CN,-5,1
LonglineLogsheet,CN,9,181
LonglineLogsheet,CN,10,16492
LonglineLogsheet,CN,11,98395
LonglineLogsheet,CN,12,23705
LonglineLogsheet,CN,13,2
LonglineLogsheet,CN,14,23
LonglineLogsheet,ES,-12,67
LonglineLogsheet,ES,-11,156
LonglineLogsheet,ES,12,159
LonglineLogsheet,FJ,-12,20344
LonglineLogsheet,FJ,-11,2828
LonglineLogsheet,FJ,-10,81
LonglineLogsheet,FJ,-7,82
LonglineLogsheet,FJ,-6,144
LonglineLogsheet,FJ,-5,1
LonglineLogsheet,FJ,0,5
LonglineLogsheet,FJ,1,20
LonglineLogsheet,FJ,10,16
LonglineLogsheet,FJ,11,12817
LonglineLogsheet,FJ,12,79143
LonglineLogsheet,FJ,13,128
LonglineLogsheet,FM,-12,42
LonglineLogsheet,FM,-11,10592
LonglineLogsheet,FM,-10,721
LonglineLogsheet,FM,-9,185
LonglineLogsheet,FM,-8,377
LonglineLogsheet,FM,8,1
LonglineLogsheet,FM,9,1876
LonglineLogsheet,FM,10,16281
LonglineLogsheet,FM,11,12427
LonglineLogsheet,FM,12,1148
LonglineLogsheet,FM,13,1
LonglineLogsheet,FM,14,2
LonglineLogsheet,JP,1,1
LonglineLogsheet,JP,8,7
LonglineLogsheet,JP,9,11417
LonglineLogsheet,JP,10,16532
LonglineLogsheet,JP,11,4986
LonglineLogsheet,JP,12,110
LonglineLogsheet,KI,-12,6356
LonglineLogsheet,KI,-11,29350
LonglineLogsheet,KI,-10,23967
LonglineLogsheet,KI,-9,2847
LonglineLogsheet,KI,-8,8978
LonglineLogsheet,KI,-7,2427
LonglineLogsheet,KI,-6,367
LonglineLogsheet,KI,-5,1
LonglineLogsheet,KI,1,5
LonglineLogsheet,KI,9,141
LonglineLogsheet,KI,10,3842
LonglineLogsheet,KI,11,7696
LonglineLogsheet,KI,12,8447
LonglineLogsheet,KI,13,72
LonglineLogsheet,KI,14,271
LonglineLogsheet,KR,-12,4802
LonglineLogsheet,KR,-11,3333
LonglineLogsheet,KR,-10,1071
LonglineLogsheet,KR,-9,207
LonglineLogsheet,KR,-8,66
LonglineLogsheet,KR,-7,36
LonglineLogsheet,KR,9,3
LonglineLogsheet,KR,10,502
LonglineLogsheet,KR,11,2701
LonglineLogsheet,KR,12,6406
LonglineLogsheet,LK,-7,95
LonglineLogsheet,LK,-6,178
LonglineLogsheet,MH,-11,483
LonglineLogsheet,MH,-10,4
LonglineLogsheet,MH,9,65
LonglineLogsheet,MH,10,7428
LonglineLogsheet,MH,11,50604
LonglineLogsheet,MH,12,8264
LonglineLogsheet,NC,-12,5
LonglineLogsheet,NC,10,469
LonglineLogsheet,NC,11,22430
LonglineLogsheet,NC,12,67
LonglineLogsheet,PF,-10,77918
LonglineLogsheet,PF,-9.5,1015
LonglineLogsheet,PF,-9,17619
LonglineLogsheet,PF,9,26
LonglineLogsheet,PF,10,54
LonglineLogsheet,PG,10,4096
LonglineLogsheet,PG,11,8
LonglineLogsheet,PG,12,2
LonglineLogsheet,PH,-12,23
LonglineLogsheet,PH,-11,1
LonglineLogsheet,PH,11,154
LonglineLogsheet,PH,12,191
LonglineLogsheet,PW,9,365
LonglineLogsheet,SB,-12,577
LonglineLogsheet,SB,-11,579
LonglineLogsheet,SB,-10,22
LonglineLogsheet,SB,1,11
LonglineLogsheet,SB,9,7
LonglineLogsheet,SB,10,3358
LonglineLogsheet,SB,11,45689
LonglineLogsheet,SB,12,1567
LonglineLogsheet,TO,-12,4689
LonglineLogsheet,TO,-11,58
LonglineLogsheet,TO,13,823
LonglineLogsheet,TV,-12,575
LonglineLogsheet,TV,-11,3
LonglineLogsheet,TV,11,178
LonglineLogsheet,TV,12,740
LonglineLogsheet,TW,-12,9022
LonglineLogsheet,TW,-11,735
LonglineLogsheet,TW,-10,168
LonglineLogsheet,TW,-9,113
LonglineLogsheet,TW,-8,199
LonglineLogsheet,TW,-7,36
LonglineLogsheet,TW,-6,405
LonglineLogsheet,TW,1,8
LonglineLogsheet,TW,8,1
LonglineLogsheet,TW,9,14334
LonglineLogsheet,TW,10,3586
LonglineLogsheet,TW,11,18927
LonglineLogsheet,TW,12,211
LonglineLogsheet,TW,13,155
LonglineLogsheet,TW,14,2
LonglineLogsheet,US,-12,32
LonglineLogsheet,US,13,2
LonglineLogsheet,VU,-12,9145
LonglineLogsheet,VU,-11,18965
LonglineLogsheet,VU,-10,19295
LonglineLogsheet,VU,-9,12104
LonglineLogsheet,VU,-8,3762
LonglineLogsheet,VU,-7,1974
LonglineLogsheet,VU,-6,2875
LonglineLogsheet,VU,-5,14
LonglineLogsheet,VU,-2,196
LonglineLogsheet,VU,-1,133
LonglineLogsheet,VU,0,684
LonglineLogsheet,VU,1,1462
LonglineLogsheet,VU,2,23
LonglineLogsheet,VU,3,12
LonglineLogsheet,VU,4,6
LonglineLogsheet,VU,8,1
LonglineLogsheet,VU,9,1
LonglineLogsheet,VU,10,1865
LonglineLogsheet,VU,11,4943
LonglineLogsheet,VU,12,4489
LonglineLogsheet,VU,13,3
LonglineLogsheet,VU,14,4
LonglineLogsheet,WS,-12,11558
LonglineLogsheet,WS,-11,13187
LonglineLogsheet,WS,-10,2
LonglineLogsheet,WS,-1,30
LonglineLogsheet,WS,0,188
LonglineLogsheet,WS,1,398
LonglineLogsheet,WS,9,1
LonglineLogsheet,WS,10,42
LonglineLogsheet,WS,11,479
LonglineLogsheet,WS,12,24
LonglineLogsheet,WS,13,15
LonglineLogsheet,WS,14,147
PurseseineLogsheet,CK,-12,47
PurseseineLogsheet,CK,-11,688
PurseseineLogsheet,CK,-10,153
PurseseineLogsheet,CN,-12,30
PurseseineLogsheet,CN,10,64
PurseseineLogsheet,CN,11,741
PurseseineLogsheet,CN,12,489
PurseseineLogsheet,EC,-12,11
PurseseineLogsheet,EC,-11,245
PurseseineLogsheet,EC,-10,2265
PurseseineLogsheet,EC,-9,744
PurseseineLogsheet,EC,-8,407
PurseseineLogsheet,EC,-7,104
PurseseineLogsheet,EC,-6,18
PurseseineLogsheet,EC,12,3
PurseseineLogsheet,ES,-12,31
PurseseineLogsheet,ES,-11,1008
PurseseineLogsheet,ES,-10,796
PurseseineLogsheet,ES,-9,183
PurseseineLogsheet,ES,-8,41
PurseseineLogsheet,ES,-7,10
PurseseineLogsheet,ES,12,4
PurseseineLogsheet,FM,-12,3187
PurseseineLogsheet,FM,-11,2822
PurseseineLogsheet,FM,-10,204
PurseseineLogsheet,FM,9,1162
PurseseineLogsheet,FM,10,17445
PurseseineLogsheet,FM,11,16841
PurseseineLogsheet,FM,12,4648
PurseseineLogsheet,FM,13,1
PurseseineLogsheet,JP,-12,369
PurseseineLogsheet,JP,-11,165
PurseseineLogsheet,JP,-10,48
PurseseineLogsheet,JP,9,4192
PurseseineLogsheet,JP,10,15923
PurseseineLogsheet,JP,11,2471
PurseseineLogsheet,JP,12,379
PurseseineLogsheet,KI,-12,6051
PurseseineLogsheet,KI,-11,5106
PurseseineLogsheet,KI,-10,757
PurseseineLogsheet,KI,9,246
PurseseineLogsheet,KI,10,5551
PurseseineLogsheet,KI,11,23483
PurseseineLogsheet,KI,12,16150
PurseseineLogsheet,KI,13,3
PurseseineLogsheet,KI,14,1
PurseseineLogsheet,KR,-12,4293
PurseseineLogsheet,KR,-11,3705
PurseseineLogsheet,KR,-10,1234
PurseseineLogsheet,KR,9,582
PurseseineLogsheet,KR,10,15338
PurseseineLogsheet,KR,11,18169
PurseseineLogsheet,KR,12,9296
PurseseineLogsheet,KR,13,3
PurseseineLogsheet,LR,-12,71
PurseseineLogsheet,LR,-11,126
PurseseineLogsheet,LR,9,109
PurseseineLogsheet,LR,10,404
PurseseineLogsheet,LR,11,301
PurseseineLogsheet,LR,12,124
PurseseineLogsheet,MH,-12,2268
PurseseineLogsheet,MH,-11,1570
PurseseineLogsheet,MH,-10,29
PurseseineLogsheet,MH,9,89
PurseseineLogsheet,MH,10,1554
PurseseineLogsheet,MH,11,8289
PurseseineLogsheet,MH,12,4825
PurseseineLogsheet,MX,-12,2
PurseseineLogsheet,MX,-11,97
PurseseineLogsheet,NR,-12,1331
PurseseineLogsheet,NR,-11,1570
PurseseineLogsheet,NR,-10,198
PurseseineLogsheet,NR,-9,28
PurseseineLogsheet,NR,9,196
PurseseineLogsheet,NR,10,5642
PurseseineLogsheet,NR,11,12917
PurseseineLogsheet,NR,12,3239
PurseseineLogsheet,NR,14,1
PurseseineLogsheet,PA,8,45
PurseseineLogsheet,PG,-12,1371
PurseseineLogsheet,PG,-11,2370
PurseseineLogsheet,PG,-10,747
PurseseineLogsheet,PG,-9,86
PurseseineLogsheet,PG,-8,22
PurseseineLogsheet,PG,-7,2
PurseseineLogsheet,PG,9,3780
PurseseineLogsheet,PG,10,89223
PurseseineLogsheet,PG,11,19592
PurseseineLogsheet,PG,12,3952
PurseseineLogsheet,PG,13,1
PurseseineLogsheet,PH,-12,140
PurseseineLogsheet,PH,-11,143
PurseseineLogsheet,PH,3,1
PurseseineLogsheet,PH,5,11
PurseseineLogsheet,PH,6,5
PurseseineLogsheet,PH,8,1819
PurseseineLogsheet,PH,9,5165
PurseseineLogsheet,PH,10,3701
PurseseineLogsheet,PH,11,885
PurseseineLogsheet,PH,12,311
PurseseineLogsheet,SB,-12,453
PurseseineLogsheet,SB,-11,481
PurseseineLogsheet,SB,-10,178
PurseseineLogsheet,SB,-6,6
PurseseineLogsheet,SB,9,105
PurseseineLogsheet,SB,10,2830
PurseseineLogsheet,SB,11,13538
PurseseineLogsheet,SB,12,1261
PurseseineLogsheet,SV,-12,6
PurseseineLogsheet,SV,-11,191
PurseseineLogsheet,SV,-10,592
PurseseineLogsheet,SV,-9,123
PurseseineLogsheet,SV,-8,86
PurseseineLogsheet,SV,-7,20
PurseseineLogsheet,SV,-6,1
PurseseineLogsheet,TV,-12,1908
PurseseineLogsheet,TV,-11,1470
PurseseineLogsheet,TV,-10,333
PurseseineLogsheet,TV,9,123
PurseseineLogsheet,TV,10,4126
PurseseineLogsheet,TV,11,6965
PurseseineLogsheet,TV,12,2811
PurseseineLogsheet,TW,-12,941
PurseseineLogsheet,TW,-11,508
PurseseineLogsheet,TW,-10,47
PurseseineLogsheet,TW,9,240
PurseseineLogsheet,TW,10,6573
PurseseineLogsheet,TW,11,14027
PurseseineLogsheet,TW,12,4533
PurseseineLogsheet,US,-12,1829
PurseseineLogsheet,US,-11,6905
PurseseineLogsheet,US,-10,5193
PurseseineLogsheet,US,-9,1599
PurseseineLogsheet,US,-8,731
PurseseineLogsheet,US,-7,128
PurseseineLogsheet,US,-6,30
PurseseineLogsheet,US,-5,49
PurseseineLogsheet,US,9,22
PurseseineLogsheet,US,10,596
PurseseineLogsheet,US,11,397
PurseseineLogsheet,US,12,529
PurseseineLogsheet,US,13,5
PurseseineLogsheet,VU,-12,932
PurseseineLogsheet,VU,-11,1053
PurseseineLogsheet,VU,-10,242
PurseseineLogsheet,VU,9,1
PurseseineLogsheet,VU,10,263
PurseseineLogsheet,VU,11,839
PurseseineLogsheet,VU,12,815
PurseseineLogsheet,VU,13,1